City,Country,Lat,Lng,Max Temp,Humidity,Cloudiness,Wind Speed,Current Description
Hithadhoo,MV,-0.6,73.0833,27.96,78,100,5.35,overcast clouds
Punta Arenas,CL,-53.15,-70.9167,9.0,61,75,5.14,broken clouds
Dharchula,IN,29.85,80.5333,11.98,47,97,1.34,overcast clouds
Albany,US,42.6001,-73.9662,-3.33,64,27,1.19,scattered clouds
Kloulklubed,PW,7.0419,134.2556,30.0,70,75,4.63,broken clouds
Victoria,HK,22.2855,114.1577,23.89,49,20,3.6,few clouds
Georgetown,MY,5.4112,100.3354,31.0,54,20,1.54,few clouds
Kodiak,US,57.79,-152.4072,-4.0,80,1,3.6,clear sky
Atuona,PF,-9.8,-139.0333,25.98,74,3,4.84,clear sky
Bubaque,GW,11.2833,-15.8333,24.91,68,75,7.38,broken clouds
Cidreira,BR,-30.1811,-50.2056,20.21,76,1,7.25,clear sky
Kaitangata,NZ,-46.2817,169.8464,15.0,71,77,6.71,broken clouds
Bathsheba,BB,13.2167,-59.5167,26.0,65,40,8.23,scattered clouds
Jamestown,US,42.097,-79.2353,2.22,35,90,5.66,overcast clouds
Buritis,BR,-15.6178,-46.4233,21.9,84,84,0.93,broken clouds
Souillac,MU,-20.5167,57.5167,25.0,83,40,1.03,scattered clouds
Kathu,TH,7.9178,98.3332,29.0,65,20,5.66,few clouds
Neiafu,TO,-18.65,-173.9833,27.0,94,75,3.6,light rain
Bluff,NZ,-46.6,168.3333,14.65,73,87,5.12,overcast clouds
Chuy,UY,-33.6971,-53.4616,18.25,78,89,6.1,overcast clouds
Saint-Augustin,CA,51.226,-58.6502,1.29,95,100,6.39,overcast clouds
Portland,US,45.5234,-122.6762,7.78,89,89,1.34,overcast clouds
Ketchikan,US,55.3422,-131.6461,4.0,100,75,4.63,light rain
Avarua,CK,-21.2078,-159.775,29.0,70,20,2.06,few clouds
Butaritari,KI,3.0707,172.7902,27.13,83,97,6.16,light rain
Kapaa,US,22.0752,-159.319,20.0,60,75,5.66,broken clouds
Vaini,TO,-21.2,-175.2,27.0,94,75,2.57,light rain
Bredasdorp,ZA,-34.5322,20.0403,16.0,88,5,0.51,clear sky
Ribeira Grande,PT,38.5167,-28.7,12.9,68,51,8.52,broken clouds
Arraial Do Cabo,BR,-22.9661,-42.0278,26.0,73,0,8.75,clear sky
Marrakesh,MA,31.6315,-8.0083,9.0,100,75,4.63,drizzle
Kushima,JP,31.4583,131.2333,13.0,44,75,2.57,broken clouds
Hobart,AU,-42.8794,147.3294,26.11,73,75,6.69,light rain
Port Alfred,ZA,-33.5906,26.891,20.0,86,65,1.34,broken clouds
Santa Maria,BR,-29.6842,-53.8069,18.0,100,0,2.11,clear sky
Rantepao,ID,-2.9701,119.8978,29.06,55,64,1.13,broken clouds
Bahawalpur,PK,29.4,71.6833,17.36,41,0,1.64,clear sky
Sur,OM,22.5667,59.5289,21.03,56,0,0.36,clear sky
New Norfolk,AU,-42.7826,147.0587,26.11,75,100,0.89,light rain
Busselton,AU,-33.65,115.3333,23.33,41,1,0.45,clear sky
Rikitea,PF,-23.1203,-134.9692,26.06,69,100,5.35,overcast clouds
Severo-Kurilsk,RU,50.6789,156.125,-10.5,85,74,4.42,broken clouds
Isabela,PH,6.7085,121.9711,31.0,62,20,4.12,few clouds
Yenagoa,NG,4.9247,6.2642,25.26,91,0,0.61,clear sky
Saldanha,ZA,-33.0117,17.9442,15.0,82,0,1.54,clear sky
Macenta,GN,8.5435,-9.471,19.7,96,24,1.12,light rain
Yellowknife,CA,62.456,-114.3525,-35.0,75,1,3.09,clear sky
Dingle,PH,10.9995,122.6711,28.3,79,83,6.91,light rain
Mangrol,IN,21.1167,70.1167,21.37,38,0,5.27,clear sky
Bodden Town,KY,19.2833,-81.25,24.44,78,20,3.09,few clouds
Yebaishou,CN,41.3975,119.6408,4.19,63,1,3.38,clear sky
Carnarvon,AU,-24.8667,113.6333,28.0,71,75,8.75,broken clouds
Cape Town,ZA,-33.9258,18.4232,19.44,88,0,4.63,clear sky
Mataura,NZ,-46.1927,168.8643,24.13,39,81,0.82,broken clouds
Dikson,RU,73.5069,80.5464,-25.7,88,99,4.69,overcast clouds
Esperance,AU,-33.8667,121.9,18.0,52,90,6.69,overcast clouds
Mathbaria,BD,22.2876,89.9593,25.18,31,0,2.13,clear sky
Saint George,US,37.1041,-113.5841,8.0,29,1,2.06,clear sky
Hasaki,JP,35.7333,140.8333,10.0,34,20,2.57,few clouds
Iqaluit,CA,63.7506,-68.5145,-10.0,79,90,3.6,snow
Kargasok,RU,59.0556,80.8572,-18.25,93,94,2.54,overcast clouds
Avera,US,33.194,-82.5271,10.0,49,1,3.09,clear sky
Can,TR,40.0333,27.0524,7.0,100,0,1.03,clear sky
Qaanaaq,GL,77.484,-69.3632,-27.57,64,69,3.53,broken clouds
La Ronge,CA,55.1001,-105.2842,-18.0,71,100,5.14,overcast clouds
Rorvik,NO,64.8621,11.2373,-3.51,90,0,3.66,clear sky
Naze,JP,28.3667,129.4833,21.0,49,40,3.09,scattered clouds
Luanda,AO,-8.8368,13.2343,26.0,83,75,1.54,light rain
Catuday,PH,16.2923,119.8062,27.18,63,35,2.89,scattered clouds
Lindas,NO,60.7381,5.16,-7.22,56,32,1.79,scattered clouds
Faanui,PF,-16.4833,-151.75,27.93,65,13,2.43,few clouds
Comodoro Rivadavia,AR,-45.8667,-67.5,25.0,31,0,6.69,clear sky
Nanortalik,GL,60.1432,-45.2371,-6.04,77,100,3.49,overcast clouds
Bethel,US,41.3712,-73.414,-3.89,86,1,0.97,clear sky
Ahipara,NZ,-35.1667,173.1667,20.39,70,100,3.11,overcast clouds
Hermanus,ZA,-34.4187,19.2345,17.78,91,8,2.93,clear sky
Buchanan,LR,5.8808,-10.0467,24.0,94,20,2.47,light rain
Jabbeke,BE,51.185,3.095,7.22,87,75,2.57,broken clouds
Pangoa,PE,-12.1167,-73.0,21.25,94,100,0.7,overcast clouds
Kenai,US,60.5544,-151.2583,-7.78,79,90,4.12,overcast clouds
Arman,RU,59.7,150.1667,-18.08,82,83,6.15,broken clouds
Ponnani,IN,10.767,75.9252,26.0,65,20,2.57,haze
Mount Gambier,AU,-37.8333,140.7667,21.0,40,40,8.23,scattered clouds
Okhotsk,RU,59.3833,143.3,-15.71,88,93,4.8,overcast clouds
Waipawa,NZ,-41.4122,175.5153,15.0,77,90,8.75,overcast clouds
Leshukonskoye,RU,64.8989,45.7622,-17.38,92,100,4.62,light snow
Hilo,US,19.7297,-155.09,22.0,73,75,7.2,broken clouds
Kavaratti,IN,10.5669,72.642,27.33,75,69,5.42,broken clouds
Saint-Philippe,RE,-21.3585,55.7679,28.33,69,75,4.63,light rain
San Cristobal,VE,7.7669,-72.225,20.78,67,79,0.55,broken clouds
Mizan Teferi,ET,6.9833,35.5833,18.82,50,58,1.19,broken clouds
Kiama,AU,-34.6833,150.8667,28.89,69,78,3.13,broken clouds
Pangnirtung,CA,66.1451,-65.7125,-14.26,87,98,1.79,overcast clouds
Ausa,ES,41.9271,2.2497,8.33,94,37,0.7,scattered clouds
Acajutla,SV,13.5928,-89.8275,23.54,71,9,2.8,clear sky
Biak,ID,-0.9131,122.8766,28.22,71,100,0.79,moderate rain
Beringovskiy,RU,63.05,179.3167,-18.59,92,100,3.99,overcast clouds
Kumluca,TR,36.3703,30.2869,15.47,39,0,2.19,clear sky
Salinopolis,BR,-0.6136,-47.3561,26.47,85,83,4.67,broken clouds
Reconquista,AR,-29.15,-59.65,18.07,70,1,1.93,clear sky
Price,US,39.5994,-110.8107,-3.0,54,1,4.12,clear sky
Puerto Ayora,EC,-0.7393,-90.3518,25.0,95,12,0.89,few clouds
Ushuaia,AR,-54.8,-68.3,7.0,81,40,13.38,scattered clouds
Marzuq,YE,14.4,46.4667,14.42,46,0,1.6,clear sky
Isangel,VU,-19.55,169.2667,31.0,62,75,1.54,broken clouds
Fez,MA,34.0372,-4.9998,8.0,100,40,2.06,mist
Cabo San Lucas,MX,22.8909,-109.9124,23.0,46,20,3.09,few clouds
Morgan City,US,29.6994,-91.2068,18.33,88,90,5.14,overcast clouds
Port Lincoln,AU,-34.7333,135.8667,19.48,56,52,10.53,broken clouds
Shingu,JP,33.7333,135.9833,11.0,40,0,4.63,clear sky
Bengkulu,ID,-3.8004,102.2655,29.73,60,33,2.47,scattered clouds
Digby,CA,44.6169,-65.7655,2.22,100,100,1.03,light snow
Barrow,US,71.2906,-156.7887,-31.0,62,90,4.63,haze
Vanimo,PG,-2.6741,141.3028,28.61,77,30,3.28,scattered clouds
Hofn,IS,64.2539,-15.2082,2.49,79,100,7.71,overcast clouds
Baiao,BR,-2.7906,-49.6717,23.55,95,11,1.46,few clouds
Adrar,MR,20.5022,-10.0711,18.02,26,57,2.1,broken clouds
Kavieng,PG,-2.5744,150.7967,28.75,71,88,0.86,light rain
Viru,PE,-8.4167,-78.75,23.14,62,93,1.33,overcast clouds
Clinton,US,42.587,-82.9199,1.11,100,90,9.77,snow
Fortuna,US,40.5982,-124.1573,8.33,87,1,1.94,clear sky
Guamuchil,MX,25.4667,-108.1,20.56,58,99,1.79,overcast clouds
Upernavik,GL,72.7868,-56.1549,-20.22,71,99,3.54,overcast clouds
Luang Prabang,LA,19.8856,102.1347,21.0,68,0,0.24,clear sky
Trelew,AR,-43.249,-65.3051,31.2,13,0,7.39,clear sky
Margate,GB,51.3813,1.3862,8.33,89,32,0.89,scattered clouds
Muros,ES,42.7762,-9.0603,7.22,94,90,3.12,overcast clouds
Ekhabi,RU,53.5102,142.9671,-22.83,88,100,10.28,overcast clouds
Arawa,PG,-6.2132,155.5367,30.12,70,49,2.11,moderate rain
Ruwi,OM,23.5996,58.5507,17.0,77,20,2.06,few clouds
Vila Franca Do Campo,PT,37.7167,-25.4333,12.0,76,20,5.14,few clouds
Havoysund,NO,70.9963,24.6622,-2.0,86,75,5.14,snow
Port Blair,IN,11.6667,92.75,28.24,70,16,6.06,few clouds
Katsuura,JP,35.1333,140.3,9.0,43,20,3.09,few clouds
Yakeshi,CN,49.2833,120.7333,-13.74,94,100,4.62,overcast clouds
Norman Wells,CA,65.282,-126.8329,-41.0,66,40,3.09,scattered clouds
Yaan,NG,7.3833,8.5667,22.03,47,12,2.39,few clouds
Beldanga,IN,23.9333,88.25,23.79,31,0,0.65,clear sky
Ejura,GH,7.3856,-1.3562,24.82,80,1,2.39,clear sky
Eirunepe,BR,-6.6603,-69.8736,23.36,97,100,0.66,light rain
Oranjemund,NA,-28.55,16.4333,16.53,93,62,4.26,broken clouds
Kashi,CN,39.4547,75.9797,-1.0,51,0,4.0,clear sky
Touros,BR,-5.1989,-35.4608,26.0,78,20,4.12,few clouds
Barkhan,PK,29.8977,69.5256,11.29,38,0,1.53,clear sky
Atambua,ID,-9.1061,124.8925,25.33,85,100,1.21,overcast clouds
Aksu,CN,41.1231,80.2644,1.49,67,71,0.23,broken clouds
Nyurba,RU,63.2842,118.3319,-36.39,82,66,1.78,broken clouds
Strezhevoy,RU,60.7333,77.5889,-17.0,85,0,2.0,clear sky
Komsomolskiy,UZ,40.4272,71.7189,2.0,60,8,2.06,clear sky
Coquimbo,CL,-29.9533,-71.3436,16.0,82,90,3.09,overcast clouds
Taft,IR,31.7471,54.2088,5.0,28,20,3.09,few clouds
Asilah,MA,35.465,-6.0348,14.0,94,40,2.06,scattered clouds
Mackenzie,CA,55.2999,-123.1698,-9.0,100,90,1.03,light snow
San Patricio,US,28.017,-97.5169,21.0,83,1,3.6,clear sky
Sozimskiy,RU,59.7418,52.2482,-6.19,97,100,1.53,overcast clouds
Thompson,CA,55.7435,-97.8558,-24.0,77,90,3.6,light snow
Gazojak,TM,41.1875,61.4036,7.41,75,89,4.43,overcast clouds
Tasiilaq,GL,65.6145,-37.6368,-3.0,80,75,5.14,broken clouds
Tazovskiy,RU,67.4667,78.7,-33.05,86,100,3.37,overcast clouds
Astana,KZ,51.1801,71.446,-3.0,86,90,4.0,light snow
Henties Bay,NA,-22.116,14.2845,18.89,83,13,0.89,few clouds
Hami,CN,42.8,93.45,2.13,71,0,1.3,clear sky
Saskylakh,RU,71.9167,114.0833,-35.91,81,85,0.32,overcast clouds
Sungairaya,ID,0.7,108.9,24.98,88,100,5.57,overcast clouds
Ponta Do Sol,PT,32.6667,-17.1,10.56,66,92,0.89,overcast clouds
Elizabeth City,US,36.2946,-76.2511,6.11,52,1,3.09,clear sky
Franklin,US,39.9667,-83.0166,2.22,93,90,7.72,light rain and snow
Saint-Joseph,RE,-21.3667,55.6167,28.33,69,75,4.63,light rain
Port Elizabeth,ZA,-33.918,25.5701,16.0,88,0,2.45,clear sky
Sirvintos,LT,55.05,24.95,-8.0,86,90,2.57,light snow
Lompoc,US,34.6391,-120.4579,11.0,82,1,2.06,clear sky
Northam,GB,51.0333,-4.2167,5.56,95,25,2.68,scattered clouds
Sindor,RU,62.8629,51.8905,-12.04,96,100,1.59,light snow
Orlik,RU,52.5178,99.825,-13.86,82,100,2.1,overcast clouds
Sao Filipe,CV,14.8961,-24.4956,22.06,74,100,4.92,overcast clouds
Karaton,ID,-6.3424,106.1045,31.11,74,75,6.69,haze
Byron Bay,AU,-28.65,153.6167,29.0,61,1,4.63,clear sky
Tuktoyaktuk,CA,69.4541,-133.0374,-35.0,68,40,4.63,snow
Zhigansk,RU,66.7697,123.3711,-39.31,76,0,4.98,clear sky
Sept-Iles,CA,50.2001,-66.3821,-1.0,80,94,2.06,overcast clouds
Kizhinga,RU,51.8462,109.9097,-9.64,89,100,5.2,overcast clouds
Jalu,LY,29.0331,21.5482,10.04,88,0,1.5,clear sky
Yar-Sale,RU,66.8333,70.8333,-30.15,87,0,2.3,clear sky
Ewo,CG,-0.8725,14.8206,23.53,85,99,0.85,overcast clouds
Castro,BR,-24.7911,-50.0119,16.04,89,1,2.31,clear sky
Katangli,RU,51.7102,143.2326,-20.56,87,100,7.08,snow
Lagoa,PT,39.05,-27.9833,12.6,69,43,8.83,scattered clouds
Hailey,US,43.5196,-114.3153,-7.0,79,40,2.06,scattered clouds
Padang,ID,-0.9492,100.3543,31.0,62,20,2.06,few clouds
Samarinda,ID,-0.5,117.15,31.16,64,98,1.01,overcast clouds
Bahia Blanca,AR,-38.7196,-62.2724,21.0,38,0,3.99,clear sky
Kota Belud,MY,6.351,116.4305,30.0,74,20,2.06,few clouds
Nikolskoye,RU,59.7035,30.7861,-13.89,85,20,5.0,few clouds
Egvekinot,RU,66.3167,-179.1667,-29.3,90,100,7.39,snow
Namibe,AO,-15.1961,12.1522,20.9,77,20,3.99,few clouds
Cabedelo,BR,-6.9811,-34.8339,26.0,83,20,2.57,few clouds
Tumbes,PE,-3.5667,-80.4414,25.76,74,97,2.08,overcast clouds
Meulaboh,ID,4.1363,96.1285,29.98,60,22,0.27,few clouds
Smithers,CA,54.7804,-127.1743,-4.0,93,90,2.06,snow
Ingham,US,42.6,-84.3833,1.0,93,90,7.72,light rain
San Quintin,MX,30.4833,-115.95,13.68,77,51,4.22,broken clouds
Tiksi,RU,71.6872,128.8694,-26.22,90,100,4.38,overcast clouds
Bandundu,CD,-3.3167,17.3667,22.42,94,100,1.02,overcast clouds
Cordoba,AR,-31.4135,-64.1811,19.44,88,0,2.57,clear sky
Punta Cardon,VE,11.6581,-70.215,25.61,82,99,12.94,overcast clouds
Guerrero Negro,MX,27.9769,-114.0611,15.82,72,100,7.2,overcast clouds
Saint-Pierre,RE,-21.3393,55.4781,28.33,69,75,4.63,light rain
Caravelas,BR,-17.7125,-39.2481,24.7,85,0,3.33,clear sky
Andenes,NO,69.3143,16.1194,2.0,69,75,10.8,broken clouds
Muncie,US,40.1934,-85.3864,1.0,75,90,13.38,light snow
Lewiston,US,44.1003,-70.2148,-2.0,69,1,1.54,clear sky
Pleszew,PL,51.8964,17.7855,0.0,91,61,3.37,broken clouds
Manzhouli,CN,49.6,117.4333,-11.57,88,25,10.16,scattered clouds
Tuatapere,NZ,-46.1333,167.6833,18.52,58,63,3.19,broken clouds
Gizo,SB,-8.103,156.8419,29.43,72,25,4.63,moderate rain
Pevek,RU,69.7008,170.3133,-25.81,81,81,0.59,broken clouds
Grindavik,IS,63.8424,-22.4338,3.0,81,75,11.32,broken clouds
Khandyga,RU,62.6667,135.6,-39.11,78,98,0.55,overcast clouds
Vallenar,CL,-28.5708,-70.7581,17.89,64,76,1.3,broken clouds
Ulaangom,MN,49.9811,92.0667,-17.89,88,37,0.57,scattered clouds
Mahebourg,MU,-20.4081,57.7,25.0,83,40,1.03,scattered clouds
Khatanga,RU,71.9667,102.5,-34.96,77,0,3.64,clear sky
Menongue,AO,-14.6585,17.691,15.88,83,23,1.83,few clouds
Arlit,NE,18.7369,7.3853,15.75,29,64,2.82,broken clouds
Airai,TL,-8.9266,125.4092,18.18,100,100,1.55,overcast clouds
Sistranda,NO,63.7256,8.834,-10.0,92,20,3.6,few clouds
Omama,JP,36.4333,139.2833,9.44,27,0,4.92,clear sky
Broome,US,42.2506,-75.833,-1.0,59,1,2.06,clear sky
Emporia,US,38.4039,-96.1817,-4.0,74,1,3.6,clear sky
Ilulissat,GL,69.2167,-51.1,-16.0,39,40,10.29,scattered clouds
Somerset West,ZA,-34.084,18.8211,18.0,88,0,4.63,clear sky
Maniitsoq,GL,65.4167,-52.9,-9.68,72,100,1.59,overcast clouds
Pisco,PE,-13.7,-76.2167,22.22,78,0,5.14,clear sky
Myitkyina,MM,25.3833,97.4,23.9,30,0,1.26,clear sky
Granadilla De Abona,ES,28.1188,-16.576,16.0,39,20,5.66,few clouds
Baiyin,CN,36.5583,104.2081,-1.0,29,0,3.0,clear sky
Elblag,PL,54.1522,19.4088,-6.67,92,20,1.03,few clouds
Mosquera,CO,4.7059,-74.2302,11.0,82,40,1.54,scattered clouds
Kapit,MY,2.0167,112.9333,30.05,65,100,1.14,overcast clouds
Nichinan,JP,31.6,131.3667,13.0,44,75,2.57,broken clouds
Kabakovo,RU,54.5369,56.1517,1.0,100,90,5.0,light snow
High Level,CA,58.5169,-117.136,-29.0,76,1,2.06,clear sky
Saint-Michel-Des-Saints,CA,46.6834,-73.9159,-8.98,95,0,0.54,clear sky
Mendi,PG,-6.1761,143.6513,17.86,94,89,1.74,overcast clouds
Alyangula,AU,-13.8483,136.4192,25.0,100,90,4.12,heavy intensity rain
Douglas,US,41.3,-96.167,-4.0,63,40,3.09,scattered clouds
Narsaq,GL,60.9167,-46.05,-9.0,38,21,1.54,few clouds
Te Anau,NZ,-45.4167,167.7167,24.27,39,63,1.21,broken clouds
Yamethin,MM,20.4333,96.15,30.24,26,0,0.63,clear sky
Seka,TH,17.9285,103.9552,28.89,40,0,1.78,clear sky
Ennis,IE,52.8436,-8.9864,5.0,81,75,4.12,broken clouds
Los Llanos De Aridane,ES,28.6585,-17.9182,14.0,62,90,4.63,overcast clouds
Yulara,AU,-25.2406,130.9889,20.0,68,90,6.17,overcast clouds
Yuzhou,CN,34.1628,113.4639,16.0,13,0,6.0,clear sky
Pulaski,US,34.7668,-92.3001,6.67,70,1,3.6,clear sky
Lampazos De Naranjo,MX,27.0167,-100.5167,22.2,41,0,2.06,clear sky
Sitka,US,57.0531,-135.33,4.0,70,20,5.66,few clouds
Leningradskiy,RU,69.3833,178.4167,-32.16,85,100,5.05,overcast clouds
Korla,CN,41.7597,86.1469,-0.26,75,7,2.9,clear sky
Flers,FR,48.7372,-0.5747,7.0,93,90,3.09,overcast clouds
Marienburg,PL,54.0359,19.0266,-6.67,100,84,2.02,broken clouds
Jatara,IN,25.0167,79.05,19.44,47,54,3.79,broken clouds
Husavik,IS,66.0449,-17.3389,-3.0,68,0,7.2,clear sky
Omboue,GA,-1.5746,9.2618,25.48,88,89,2.11,overcast clouds
Umm Lajj,SA,25.0213,37.2685,19.99,52,7,2.5,clear sky
Qaqortoq,GL,60.7167,-46.0333,-9.0,38,74,1.54,broken clouds
North Vernon,US,39.0062,-85.6236,1.11,79,100,4.92,snow
Kota Kinabalu,MY,5.9749,116.0724,30.0,74,20,2.06,few clouds
Gorno-Altaysk,RU,51.9561,85.955,-3.59,97,100,0.38,overcast clouds
Bambous Virieux,MU,-20.3428,57.7575,27.78,83,40,1.03,light rain
Hamilton,US,39.1834,-84.5333,3.33,93,90,5.14,light rain
Wakkanai,JP,45.4094,141.6739,-8.0,67,75,10.8,snow
Bonanza,NI,14.0289,-84.591,17.53,93,16,0.9,few clouds
Labuhan,ID,-6.8844,112.2051,28.08,79,80,7.58,broken clouds
Banjar,ID,-8.19,114.9675,29.0,84,20,4.12,few clouds
Mar Del Plata,AR,-38.0023,-57.5575,17.78,77,40,3.09,mist
Sao Geraldo Do Araguaia,BR,-6.4006,-48.555,23.4,91,46,1.25,scattered clouds
Makat,KZ,47.6469,53.3463,2.47,85,90,4.22,overcast clouds
Filingue,NE,14.3521,3.3168,20.59,22,0,4.8,clear sky
Chalatenango,SV,14.0333,-88.9333,23.0,73,0,1.03,clear sky
Provideniya,RU,64.3833,-173.3,-20.38,88,100,12.28,light snow
Norsup,VU,-16.0667,167.3833,29.44,64,99,3.29,overcast clouds
Sulangan,PH,11.1373,123.7228,27.43,80,38,4.76,scattered clouds
Vestmannaeyjar,IS,63.4427,-20.2734,4.32,73,100,13.93,overcast clouds
Huarmey,PE,-10.0681,-78.1522,21.24,75,88,1.04,overcast clouds
Lazaro Cardenas,MX,17.9583,-102.2,22.93,82,2,1.23,clear sky
East London,ZA,-33.0153,27.9116,20.0,100,40,0.51,mist
Rundu,NA,-17.9333,19.7667,18.76,71,28,0.98,scattered clouds
Hobyo,SO,5.3505,48.5268,24.7,77,46,7.61,scattered clouds
Iwanai,JP,42.9744,140.5089,-5.08,89,100,8.63,light snow
Clovis,US,36.8252,-119.7029,12.0,58,20,1.54,few clouds
Longyearbyen,SJ,78.2186,15.6401,-7.0,68,75,5.66,broken clouds
Rafaela,AR,-31.2503,-61.4867,20.56,56,0,0.45,clear sky
Kinshasa,CD,-4.3246,15.3215,24.0,83,20,1.13,light rain
Karlstad,SE,59.3793,13.5036,-14.0,92,7,3.6,clear sky
Puerto Escondido,MX,15.85,-97.0667,26.0,83,40,1.55,scattered clouds
Lata,PT,40.1629,-8.3327,10.0,86,100,0.45,overcast clouds
Pascagoula,US,30.3658,-88.5561,18.0,72,90,2.57,overcast clouds
Salalah,OM,17.0151,54.0924,21.0,73,40,2.06,scattered clouds
Kahului,US,20.8947,-156.47,22.0,60,90,5.66,overcast clouds
Novikovo,RU,51.1537,37.8879,1.48,95,100,6.41,snow
Dubbo,AU,-32.25,148.6167,31.0,40,75,9.77,broken clouds
Yining,CN,29.0361,114.5636,11.25,91,100,0.57,overcast clouds
Mahanje,TZ,-9.9333,35.3333,17.57,95,60,0.93,broken clouds
Gat,IL,31.61,34.7642,13.33,100,100,1.69,overcast clouds
Mehamn,NO,71.0357,27.8492,-2.75,91,100,5.91,overcast clouds
Onokhoy,RU,51.932,108.0747,-15.0,85,40,7.08,light snow
Uyskoye,RU,54.3775,60.0047,1.52,97,100,2.86,overcast clouds
Utrecht,NL,52.0,5.25,6.11,93,100,2.68,overcast clouds
Bosaso,SO,11.2842,49.1816,21.55,66,3,2.37,clear sky
Ancud,CL,-41.8697,-73.8203,20.0,49,0,3.09,clear sky
Dukat,RU,62.55,155.55,-28.86,85,100,1.86,overcast clouds
Marabba,SD,12.35,32.1833,18.07,28,0,5.79,clear sky
Ballinrobe,IE,53.6333,-9.2333,5.56,3,77,1.79,broken clouds
Tabory,RU,58.5198,64.5495,-11.29,97,99,1.77,overcast clouds
Fukue,JP,32.6881,128.8419,11.0,58,75,2.06,light rain
Taranagar,IN,28.6709,75.0351,15.12,63,0,1.75,clear sky
Mujiayingzi,CN,42.1167,118.7833,-0.22,90,49,4.95,scattered clouds
Champerico,GT,14.3,-91.9167,17.78,94,14,1.79,few clouds
Vardo,NO,70.3705,31.1107,-8.0,79,40,6.17,scattered clouds
Tura,IN,25.5198,90.2201,24.63,38,0,0.46,clear sky
Honiara,SB,-9.4333,159.95,29.3,70,5,3.24,clear sky
Namtsy,RU,62.7161,129.6658,-41.0,66,90,1.0,fog
Tiznit,MA,29.5833,-9.5,11.38,61,86,1.54,overcast clouds
Richards Bay,ZA,-28.783,32.0377,23.17,89,82,3.4,broken clouds
Victor Harbor,AU,-35.5667,138.6167,17.22,86,100,1.34,moderate rain
Necochea,AR,-38.5473,-58.7368,13.98,83,0,1.69,clear sky
Mao,ES,39.8885,4.2658,12.0,94,90,3.6,fog
Idenao,CM,4.2475,9.0047,25.0,88,20,1.54,few clouds
Nicoya,CR,10.1483,-85.452,25.0,69,0,5.66,clear sky
Atasu,KZ,48.6814,71.6433,-7.77,95,66,3.32,broken clouds
Bridgetown,BB,13.1,-59.6167,26.0,65,40,8.23,scattered clouds
Benghazi,LY,32.1167,20.0667,15.0,75,3,1.67,clear sky
Port Augusta,AU,-32.5,137.7667,24.0,41,90,10.8,overcast clouds
Kieta,PG,-6.2167,155.6333,29.65,70,4,2.38,light rain
Lebu,CL,-37.6167,-73.65,15.64,80,0,1.73,clear sky
Kavali,IN,14.9167,79.9833,25.84,50,0,2.3,clear sky
Cayenne,GF,4.9333,-52.3333,26.0,83,90,3.09,overcast clouds
Pirganj,BD,25.8523,88.3618,24.08,32,0,2.32,clear sky
Tautira,PF,-17.7333,-149.15,27.78,65,31,0.89,scattered clouds
Clyde River,CA,70.4692,-68.5914,-30.0,76,90,8.75,haze
Kamenka,RU,51.3223,42.7678,3.89,98,100,5.6,moderate rain
Dunedin,NZ,-45.8742,170.5036,13.33,70,67,11.62,broken clouds
Talnakh,RU,69.4865,88.3972,-30.85,85,99,0.52,overcast clouds
Malakal,SS,9.5334,31.6605,22.57,21,0,6.23,clear sky
Hazorasp,UZ,41.3194,61.0742,3.0,87,100,3.09,mist
Sosnovo-Ozerskoye,RU,52.5249,111.5418,-14.13,89,100,5.18,overcast clouds
Jumla,NP,29.2747,82.1838,4.35,69,91,3.36,overcast clouds
Yuci,CN,37.6803,112.7319,8.0,18,0,4.0,clear sky
Pingliang,CN,35.5392,106.6861,7.79,40,0,4.24,clear sky
Manzanillo,CU,20.3433,-77.1167,19.69,76,1,5.11,clear sky
Erenhot,CN,43.6475,111.9767,-3.85,92,86,6.09,overcast clouds
Ustka,PL,54.5805,16.8619,-3.53,93,84,1.56,broken clouds
Tupiza,BO,-21.45,-65.7167,13.72,64,100,2.5,overcast clouds
Bandarbeyla,SO,9.4942,50.8122,21.98,67,7,4.19,clear sky
Santiago De Compostela,ES,42.8805,-8.5457,7.22,93,90,1.54,fog
Tabou,CI,4.423,-7.3528,25.38,92,80,3.05,broken clouds
Shamary,RU,57.3434,58.2199,1.03,97,100,2.07,overcast clouds
Stephenville,US,32.2207,-98.2023,9.0,53,1,4.12,clear sky
Vostok,RU,46.4856,135.8833,-17.07,84,7,2.26,clear sky
Kirakira,SB,-10.4544,161.9205,29.24,73,64,3.61,broken clouds
Batticaloa,LK,7.7102,81.6924,25.89,80,99,4.94,overcast clouds
Xam Nua,LA,20.4197,104.0439,24.94,42,0,0.69,clear sky
Longhua,CN,23.6137,114.1919,28.04,32,0,0.77,clear sky
Singaparna,ID,-7.3515,108.111,30.24,56,100,0.43,overcast clouds
Teguldet,RU,57.3064,88.1667,-15.45,94,95,2.92,overcast clouds
Mahibadhoo,MV,3.7833,72.9667,27.46,76,100,7.58,overcast clouds
Torbay,CA,47.6666,-52.7314,5.0,100,90,2.57,mist
Zhangye,CN,38.9342,100.4517,3.93,46,3,1.19,clear sky
Xiangfan,CN,32.0422,112.1448,16.06,33,0,3.71,clear sky
Mumbwa,ZM,-14.9783,27.0619,16.84,95,51,1.52,broken clouds
Usinsk,RU,65.9939,57.5281,-19.08,91,100,7.65,overcast clouds
Bumba,CD,2.1833,22.4667,22.04,92,99,1.02,overcast clouds
Linqiong,CN,30.4159,103.4609,13.89,62,0,1.58,clear sky
Chifeng,CN,42.2683,118.9636,0.43,89,47,4.93,scattered clouds
Vega De Alatorre,MX,20.0333,-96.6333,21.62,68,0,5.51,clear sky
Hualmay,PE,-11.0964,-77.6139,20.87,84,98,2.48,overcast clouds
Serowe,BW,-22.3833,26.7167,19.14,92,44,1.2,light rain
Grand Gaube,MU,-20.0064,57.6608,27.78,71,2,2.68,light rain
Luderitz,NA,-26.6481,15.1594,18.49,66,0,7.7,clear sky
Igrim,RU,63.1906,64.4162,-15.42,95,99,2.42,overcast clouds
Graaff-Reinet,ZA,-32.2522,24.5308,15.56,77,45,1.46,scattered clouds
Launceston,AU,-41.45,147.1667,21.11,88,75,4.63,moderate rain
Lisakovsk,KZ,52.5369,62.4936,1.79,99,100,4.57,light rain
Port Hardy,CA,50.6996,-127.4199,7.0,93,90,2.57,moderate rain
Varginha,BR,-21.5514,-45.4303,19.78,93,100,1.1,overcast clouds
Togur,RU,58.3631,82.8265,-18.74,93,86,2.27,overcast clouds
Tromso,NO,69.6496,18.957,-1.0,80,75,5.14,light snow
Aquiraz,BR,-3.9014,-38.3911,27.0,83,20,3.6,few clouds
Rubtsovsk,RU,51.5,81.25,-4.33,98,100,4.73,light snow
North Branch,US,45.5113,-92.9802,-12.0,67,90,5.66,overcast clouds
Cravo Norte,CO,6.3017,-70.2041,27.82,62,73,2.71,broken clouds
Samarai,PG,-10.6167,150.6667,29.13,71,59,2.38,broken clouds
San Juan Del Rio,MX,20.3833,-100.0,18.0,25,1,1.03,clear sky
Kambove,CD,-10.8764,26.5969,15.96,96,99,1.02,overcast clouds
Bambari,CF,5.768,20.6757,22.83,41,59,0.97,broken clouds
Gloucester,GB,51.8657,-2.2431,6.67,96,69,0.89,broken clouds
Magadan,RU,59.5667,150.8,-18.67,84,89,7.36,overcast clouds
Arroyo,ES,41.6096,-4.7969,7.22,100,75,3.6,light rain
Sao Joao Da Barra,BR,-21.6403,-41.0511,24.77,83,0,8.24,clear sky
Gombong,ID,-7.6072,109.5142,31.12,60,100,1.5,light rain
Qingdao,CN,36.0986,120.3719,9.0,57,0,6.0,clear sky
Matamoros,MX,25.5333,-103.25,25.0,11,1,0.99,clear sky
Alihe,CN,50.5667,123.7167,-15.13,84,94,1.43,overcast clouds
Penzance,GB,50.1186,-5.5371,8.0,87,75,6.17,broken clouds
Halvad,IN,23.0167,71.1833,21.28,37,0,4.3,clear sky
Apiai,BR,-24.5094,-48.8425,18.65,100,6,1.05,clear sky
Cartagena,CO,10.3997,-75.5144,26.0,89,40,3.6,scattered clouds
Cozumel,MX,20.5083,-86.9458,21.0,68,20,3.09,few clouds
Tumpat,MY,6.1978,102.171,28.0,74,20,1.54,few clouds
Lavrentiya,RU,65.5833,-171.0,-21.76,90,100,8.39,snow
Madimba,TZ,-10.4,40.3333,23.0,100,20,4.12,few clouds
Sola,VU,-13.8833,167.55,30.0,84,90,2.75,overcast clouds
Rio Gallegos,AR,-51.6226,-69.2181,11.0,50,0,7.2,clear sky
Sinnamary,GF,5.3833,-52.95,24.91,81,75,5.96,broken clouds
Makakilo City,US,21.3469,-158.0858,24.0,50,20,5.14,few clouds
Sambava,MG,-14.2667,50.1667,25.05,85,70,2.78,broken clouds
Grand-Lahou,CI,5.1367,-5.0242,25.72,92,29,4.26,scattered clouds
Moron,AR,-34.6534,-58.6198,22.78,62,0,0.45,clear sky
Aklavik,CA,68.2191,-135.0107,-38.0,74,99,3.6,overcast clouds
Mecca,SA,21.4267,39.8261,19.79,47,79,5.62,broken clouds
Kushmurun,KZ,52.4503,64.6311,1.3,99,100,4.0,overcast clouds
Sandakan,MY,5.8402,118.1179,26.0,94,40,1.03,light rain
Phangnga,TH,8.4509,98.5298,29.0,65,20,5.66,few clouds
Westport,US,41.1415,-73.3579,1.0,80,1,1.54,clear sky
Mogadishu,SO,2.0371,45.3438,25.46,78,84,7.77,broken clouds
Beloha,MG,-25.1667,45.05,27.37,65,5,4.48,clear sky
Half Moon Bay,US,37.4636,-122.4286,12.0,49,1,3.09,clear sky
Gamba,GA,-2.65,10.0,25.7,87,100,1.98,overcast clouds
Banda Aceh,ID,5.5577,95.3222,28.83,68,38,6.93,scattered clouds
East Hampton,US,37.0374,-76.3316,7.78,39,40,4.12,scattered clouds
Paamiut,GL,61.994,-49.6678,-7.66,75,0,2.25,clear sky
Tambura,SS,5.6,27.4667,20.42,25,51,1.09,broken clouds
Ambilobe,MG,-13.2,49.05,24.77,89,92,0.82,overcast clouds
Kampot,KH,10.6167,104.1833,30.0,58,40,2.06,scattered clouds
Bella Vista,US,36.4295,-94.2316,1.11,60,1,4.12,clear sky
Brae,GB,60.3964,-1.353,2.0,64,90,9.26,overcast clouds
Omsukchan,RU,62.5333,155.8,-26.86,85,100,1.79,overcast clouds
Hachinohe,JP,40.5,141.5,-1.0,55,40,12.35,scattered clouds
Ternate,ID,0.8,127.4,29.55,64,88,1.12,overcast clouds
Opuwo,NA,-18.0607,13.84,20.45,34,16,1.32,few clouds
Geraldton,AU,-28.7667,114.6,27.0,29,75,9.26,broken clouds
Osakarovka,KZ,50.565,72.5692,-4.85,98,90,4.29,overcast clouds
Iquique,CL,-20.2208,-70.1431,22.0,68,0,3.09,clear sky
Gornopravdinsk,RU,60.05,69.9,-11.26,96,100,2.86,light snow
Abu Samrah,SY,35.3029,37.1841,9.98,88,62,5.1,broken clouds
Coihaique,CL,-45.5752,-72.0662,16.0,63,0,1.03,clear sky
Black River,JM,18.0264,-77.8487,24.0,88,75,5.14,broken clouds
Suez,EG,29.9737,32.5263,14.34,85,8,6.52,clear sky
Muli,MV,2.9167,73.5667,28.16,69,80,8.92,broken clouds
Picui,BR,-6.5106,-36.3469,21.33,87,4,7.76,clear sky
Dongning,CN,44.0622,131.1207,-9.94,92,100,1.22,overcast clouds
Jinchang,CN,38.4953,102.1739,5.49,40,0,1.14,clear sky
Careva Cuprija,BA,44.2658,18.4292,1.0,100,40,0.51,fog
Jijiga,ET,9.35,42.8,12.07,37,21,1.2,few clouds
Codrington,AU,-38.2667,141.9667,21.39,37,26,2.47,scattered clouds
Kichera,RU,55.9375,110.0997,-13.64,88,100,0.88,overcast clouds
Alofi,NU,-19.0595,-169.9187,28.0,78,90,3.6,light rain
Biltine,TD,14.5333,20.9167,17.3,29,0,8.98,clear sky
Lasa,IT,46.6166,10.7002,4.44,86,0,1.55,clear sky
Dubti,ET,11.7361,41.0853,17.04,49,11,3.01,few clouds
Feijo,BR,-8.1642,-70.3536,23.43,96,100,0.64,light rain
Chokurdakh,RU,70.6333,147.9167,-26.29,86,98,9.19,overcast clouds
Poya,NC,-21.35,165.15,28.14,76,22,3.13,few clouds
Zarubino,RU,42.63,131.0922,-5.98,94,90,2.36,overcast clouds
North Platte,US,41.1239,-100.7654,0.0,69,35,0.89,scattered clouds
Muravlenko,RU,63.7898,74.523,-29.12,88,68,1.65,broken clouds
Saint Anthony,US,45.0205,-93.218,-12.0,61,75,7.72,broken clouds
Cherskiy,RU,68.75,161.3,-21.47,76,99,3.12,overcast clouds
Marsassoum,SN,12.8275,-15.9806,22.0,78,0,2.06,clear sky
Waitara,NZ,-38.925,174.25,17.22,58,0,8.05,clear sky
Samana,DO,19.2056,-69.3369,22.97,87,5,2.9,clear sky
Mitu,CO,1.1983,-70.1733,21.94,97,97,0.13,overcast clouds
Kjollefjord,NO,70.9457,27.3465,-3.1,91,100,5.85,overcast clouds
Bowen,AU,-20.0167,148.2333,30.0,66,90,4.63,overcast clouds
Vaitape,PF,-16.5167,-151.75,27.87,65,1,2.3,clear sky
Yumen,CN,40.2833,97.2,4.0,47,1,11.46,clear sky
Karsava,LV,56.7841,27.6883,-14.27,96,85,3.01,overcast clouds
Asau,RO,46.4333,26.4,2.22,71,50,0.23,scattered clouds
Imbituba,BR,-28.24,-48.6703,23.0,73,0,3.6,clear sky
Praia Da Vitoria,PT,38.7333,-27.0667,11.0,87,75,8.74,broken clouds
Great Falls,US,47.5002,-111.3008,1.11,44,90,7.2,overcast clouds
Washougal,US,45.5826,-122.3534,8.0,81,90,5.14,overcast clouds
Sivas,TR,39.7916,37.0019,-2.23,98,67,1.08,broken clouds
Kysyl-Syr,RU,63.8986,122.7617,-36.06,80,0,2.22,clear sky
Contramaestre,CU,20.2978,-76.2414,22.0,77,0,4.63,clear sky
Mumford,GH,5.2618,-0.759,26.46,88,6,3.42,clear sky
Skerries,IE,53.5828,-6.1083,5.56,87,75,2.57,broken clouds
Kismayo,SO,-0.3582,42.5454,24.62,82,7,4.9,clear sky
Denpasar,ID,-8.65,115.2167,29.0,84,20,4.12,few clouds
Bonavista,CA,48.6499,-53.1147,2.0,100,97,0.51,overcast clouds
Quimperle,FR,47.8667,-3.55,8.0,100,90,1.54,overcast clouds
Leticia,CO,-4.2153,-69.9406,24.0,100,40,0.04,scattered clouds
Plettenberg Bay,ZA,-34.0527,23.3716,17.84,88,0,0.57,clear sky
Klaksvik,FO,62.2266,-6.589,1.0,69,20,5.66,light rain
Srednekolymsk,RU,67.45,153.6833,-21.32,84,83,6.85,broken clouds
Voineasa,RO,44.2833,24.1333,5.0,75,0,2.57,clear sky
Kirundo,BI,-2.5833,30.1667,18.0,94,75,1.54,light rain
College,US,64.8569,-147.8028,-30.56,68,40,1.18,scattered clouds
Matara,LK,5.9485,80.5353,27.6,70,13,0.78,few clouds
Otane,NZ,-39.8833,176.6333,16.67,69,97,5.01,overcast clouds
Manaus,BR,-3.1019,-60.025,26.0,94,20,0.84,few clouds
Shimoda,JP,34.6667,138.95,11.0,54,40,3.09,scattered clouds
Ridgecrest,US,35.6225,-117.6709,10.0,27,1,2.57,clear sky
Verkhnyaya Inta,RU,65.9811,60.3094,-19.39,88,88,5.79,overcast clouds
Phan Thiet,VN,10.9333,108.1,28.95,52,23,2.67,few clouds
Alekseyevsk,RU,57.8406,108.3492,-14.4,92,99,1.63,overcast clouds
Kilindoni,TZ,-7.9139,39.6668,27.57,76,74,3.71,broken clouds
Ngunguru,NZ,-35.6167,174.5,19.19,77,100,3.03,overcast clouds
Svetlyy,RU,54.675,20.1347,-5.56,86,75,2.0,light snow
Roma,US,43.2128,-75.4557,-5.0,80,1,3.09,clear sky
Labuan,MY,5.2767,115.2417,28.0,83,20,2.57,few clouds
Lexington,US,37.9887,-84.4777,5.0,93,90,4.63,light rain
Ambunti,PG,-4.2365,142.8448,29.25,76,73,1.05,moderate rain
Mirabad,AF,30.4362,61.8383,12.19,37,0,2.72,clear sky
Seydi,TM,39.4816,62.9137,8.3,66,41,4.69,scattered clouds
Waddan,LY,29.1614,16.139,13.33,87,17,1.92,few clouds
Gandara,PH,12.013,124.8118,28.03,83,28,3.86,scattered clouds
Praia,CV,14.9215,-23.5087,21.0,73,75,6.17,broken clouds
Vila,PT,42.0304,-8.1588,3.89,94,60,1.67,broken clouds
Macultepec,MX,18.1667,-92.8333,19.0,88,1,2.66,clear sky
Ibra,OM,22.6906,58.5334,18.08,59,0,0.95,clear sky
Batagay-Alyta,RU,67.8006,130.4114,-29.11,85,100,1.26,overcast clouds
Baykit,RU,61.67,96.37,-17.26,89,100,1.41,overcast clouds
Ruteng,ID,-8.6136,120.4721,22.43,91,83,2.24,broken clouds
Sabang,ID,5.8933,95.3214,27.48,76,48,11.45,scattered clouds
Itarema,BR,-2.9248,-39.9167,25.52,84,94,5.13,overcast clouds
Jaciara,BR,-15.9653,-54.9683,23.61,79,92,1.13,overcast clouds
Cao Bang,VN,22.6667,106.25,23.66,53,44,2.55,scattered clouds
Along,IN,28.1667,94.7667,21.61,36,70,0.2,broken clouds
Bealanana,MG,-14.55,48.7333,19.46,89,100,0.64,overcast clouds
Santa Cruz Cabralia,BR,-16.2781,-39.0247,25.0,83,20,3.09,few clouds
The Valley,AI,18.217,-63.0578,26.0,73,20,6.17,few clouds
Borovoy,RU,55.4333,86.0833,-16.0,85,98,5.0,smoke
Harper,LR,4.375,-7.7169,25.68,90,62,3.23,broken clouds
Murgab,TM,37.4966,61.9714,4.0,70,0,2.06,clear sky
Dhidhdhoo,MV,6.8833,73.1,27.39,71,85,2.52,overcast clouds
Salinas,US,36.6777,-121.6555,12.0,66,1,1.73,clear sky
Sabla,NG,12.7525,4.7077,19.92,23,0,4.61,clear sky
Anadyr,RU,64.75,177.4833,-15.0,78,75,14.0,snow
Boden,SE,65.8252,21.6886,-7.0,93,90,2.57,light snow
Poykovskiy,RU,61.2333,73.3333,-17.0,85,100,2.0,light snow
Juneau,US,58.3019,-134.4197,-1.0,86,75,1.84,broken clouds
Turukhansk,RU,65.8167,87.9833,-32.2,86,99,1.31,overcast clouds
Birjand,IR,32.8663,59.2211,-4.0,24,0,2.06,clear sky
Tevaitoa,PF,-16.7833,-151.5,27.87,66,1,3.17,clear sky
Alice Springs,AU,-23.7,133.8833,25.0,57,90,4.12,overcast clouds
Berlevag,NO,70.8578,29.0864,-2.51,91,100,6.28,light snow
Constitucion,CL,-35.3333,-72.4167,15.32,90,89,1.38,overcast clouds
Huntsville,US,34.7304,-86.5861,11.67,93,90,3.6,heavy intensity rain
Kajaani,FI,64.2273,27.7285,-21.0,84,40,1.54,scattered clouds
Vilyuysk,RU,63.7553,121.6247,-36.6,79,0,1.56,clear sky
Sexsmith,CA,55.35,-118.786,-23.0,84,40,3.09,scattered clouds
Point Pedro,LK,9.8167,80.2333,25.67,72,44,6.02,scattered clouds
Camabatela,AO,-8.1881,15.375,17.31,100,100,0.86,overcast clouds
Prince Rupert,CA,54.3161,-130.3201,4.0,93,75,5.66,light rain
Glenwood Springs,US,39.5505,-107.3248,-1.0,85,90,6.17,light snow
Chalmette,US,29.9427,-89.9634,19.0,77,90,3.09,overcast clouds
Bikin,RU,46.8161,134.26,-18.26,87,31,2.78,scattered clouds
Przasnysz,PL,53.0191,20.8803,-7.0,92,40,0.96,scattered clouds
Belaya Gora,RU,68.5333,146.4167,-28.04,87,69,4.48,broken clouds
Ixtapa,MX,20.7,-105.2,20.0,94,1,1.16,clear sky
Tornio,FI,65.8481,24.1466,-19.0,84,0,0.51,clear sky
Kachiry,KZ,53.0675,76.1036,-5.8,98,99,3.18,overcast clouds
Ankang,CN,32.68,109.0172,11.92,47,0,1.38,clear sky
Matata,NZ,-37.8833,176.75,23.89,56,0,2.24,clear sky
Nosivka,UA,50.9315,31.5828,-7.41,93,54,7.53,broken clouds
Tshela,CD,-4.9833,12.9333,23.91,95,100,0.64,overcast clouds
Kulhudhuffushi,MV,6.6221,73.07,27.36,73,98,3.28,overcast clouds
Manbij,SY,36.5281,37.9549,8.0,81,75,0.51,broken clouds
Mmathubudukwane,BW,-24.6,26.4333,21.0,100,75,3.6,light rain
Laguna,US,38.421,-121.4238,11.0,50,1,1.54,clear sky
Bilma,NE,18.6853,12.9164,14.79,34,0,3.8,clear sky
Killybegs,IE,54.6333,-8.45,4.44,91,99,3.13,overcast clouds
Laredo,US,27.5064,-99.5075,24.0,38,1,3.09,clear sky
Palmas,BR,-10.2128,-48.3603,25.0,100,0,1.03,clear sky
Ust-Maya,RU,60.4167,134.5333,-34.63,80,100,0.16,overcast clouds
Temiscaming,CA,46.7212,-79.0971,-4.0,86,74,1.03,broken clouds
Dolzhanskaya,RU,46.6311,37.8039,5.56,100,100,3.13,overcast clouds
Riyadh,SA,24.6877,46.7219,14.0,41,0,2.06,clear sky
Trebinje,BA,42.7119,18.3442,11.0,82,75,4.12,broken clouds
Hoquiam,US,46.9809,-123.8893,8.89,100,75,8.23,mist
Osypenko,UA,46.9136,36.8253,5.56,100,100,3.13,overcast clouds
Choszczno,PL,53.169,15.4205,0.0,76,1,0.45,clear sky
Lengshuitan,CN,26.4111,111.5956,15.64,63,91,2.88,overcast clouds
Uvalde,US,29.3669,-99.767,18.0,39,1,5.14,clear sky
Presidencia Roque Saenz Pena,AR,-26.7852,-60.4388,21.67,78,0,0.45,clear sky
Senanga,ZM,-16.1167,23.2667,19.2,93,46,2.07,scattered clouds
Saint-Louis,SN,16.3333,-15.0,21.0,68,0,2.06,clear sky
Dire Dawa,ET,9.5931,41.8661,16.3,28,5,3.24,clear sky
Boffa,GN,10.1667,-14.0333,19.95,88,23,1.21,few clouds
Maoming,CN,21.65,110.9,23.68,50,44,4.84,scattered clouds
Solhan,TR,38.9634,41.0293,0.11,93,99,0.73,overcast clouds
Marawi,PH,7.9986,124.2928,27.22,84,58,3.13,broken clouds
Jardim,BR,-21.4803,-56.1381,21.27,93,49,1.8,scattered clouds
Aktash,RU,50.3,87.7333,-10.38,96,96,1.15,overcast clouds
Xiamen,CN,24.4798,118.0819,22.0,56,0,2.0,clear sky
Quesnel,CA,52.9999,-122.5029,-2.0,100,90,1.03,snow
Podor,MR,16.6527,-14.9587,21.0,68,0,2.06,clear sky
Lebyazhye,RU,55.2689,66.4947,0.68,98,100,2.88,light rain
Namatanai,PG,-3.6667,152.4333,29.1,72,21,1.84,light rain
Kikwit,CD,-5.041,18.8162,21.23,96,46,0.27,scattered clouds
Galle,LK,6.0367,80.217,26.67,76,42,1.92,scattered clouds
Hambantota,LK,6.1241,81.1185,25.0,83,40,2.06,scattered clouds
Fairbanks,US,64.8378,-147.7164,-30.56,75,1,1.11,clear sky
Seoni Malwa,IN,22.45,77.4667,22.99,24,1,0.39,clear sky
Cobija,BO,-11.0267,-68.7692,23.48,97,100,1.27,overcast clouds
Kalianget,ID,-7.05,113.9333,28.87,76,67,8.22,broken clouds
Camana,PE,-16.6228,-72.7111,21.79,74,83,2.22,broken clouds
Ostrovnoy,RU,68.0531,39.5131,-10.36,92,100,9.37,light snow
Boyuibe,BO,-20.4167,-63.2833,17.93,77,10,2.3,clear sky
Peace River,CA,56.2501,-117.286,-20.0,65,75,3.6,light snow
Athens,GR,37.9795,23.7162,13.33,87,0,1.23,clear sky
Iquitos,PE,-3.7481,-73.2472,24.0,94,40,0.51,scattered clouds
Muncar,ID,-8.4333,114.3333,29.43,72,34,1.77,scattered clouds
Petauke,ZM,-14.2426,31.3253,18.21,97,31,1.6,scattered clouds
Guarapari,BR,-20.6667,-40.4975,26.11,78,40,3.6,scattered clouds
Achinsk,RU,56.2694,90.4993,-14.0,94,100,3.9,overcast clouds
Point Pleasant,US,40.0832,-74.0682,1.11,60,1,2.57,clear sky
Hatillo,PR,18.4863,-66.8254,23.89,97,0,3.34,clear sky
Petrykivka,UA,48.7298,34.6351,0.0,86,90,11.0,overcast clouds
Mount Isa,AU,-20.7333,139.5,37.0,34,75,5.14,broken clouds
Inuvik,CA,68.3499,-133.7218,-38.0,74,100,3.6,overcast clouds
Shelton,US,41.3165,-73.0932,1.0,74,1,2.39,clear sky
Ritchie,ZA,-29.038,24.6028,19.0,94,0,3.6,clear sky
Kralendijk,BQ,12.15,-68.2667,27.0,78,75,8.75,broken clouds
General Roca,AR,-39.0333,-67.5833,24.0,57,0,1.03,clear sky
Pundaguitan,PH,6.3711,126.1689,27.39,80,95,6.67,overcast clouds
Batken,KG,39.8333,71.0,-4.04,72,41,4.9,scattered clouds
Ozernovskiy,RU,51.5,156.5167,-10.09,87,100,7.11,light snow
Kilakarai,IN,9.2333,78.7833,25.36,70,21,6.93,few clouds
Bonthe,SL,7.5264,-12.505,24.89,88,4,2.97,clear sky
Badiraguato,MX,25.3667,-107.5167,22.0,53,1,1.54,clear sky
Faya,SA,18.3851,42.4509,15.0,51,0,3.6,clear sky
Tall Kayf,TR,37.0833,41.0667,10.0,81,75,2.57,broken clouds
Aloleng,PH,16.1307,119.7824,29.02,56,35,2.22,scattered clouds
Itoman,JP,26.1247,127.6694,22.0,46,40,4.12,scattered clouds
Fonte Boa,BR,-2.4959,-66.2662,24.19,94,100,0.74,heavy intensity rain
Mozirje,SI,46.3394,14.9633,7.78,100,90,2.06,overcast clouds
Palana,RU,59.1167,159.9667,-15.51,97,100,0.94,overcast clouds
Merauke,ID,-8.4667,140.3333,27.55,84,100,5.36,light rain
Ostashkov,RU,57.1467,33.1075,-14.63,95,100,3.02,overcast clouds
Kruisfontein,ZA,-34.0033,24.7314,16.67,96,0,1.52,clear sky
Ginir,ET,7.1333,40.7,11.79,39,1,1.14,clear sky
Solnechnyy,RU,50.7214,136.6319,-21.8,84,71,2.47,broken clouds
Puerto Carreno,CO,6.189,-67.4859,26.31,76,100,3.16,overcast clouds
Ugoofaaru,MV,5.6667,73.0,27.61,70,99,3.73,overcast clouds
Antalaha,MG,-14.9003,50.2788,24.8,84,30,1.91,scattered clouds
Campos Belos,BR,-13.0367,-46.7717,21.32,89,98,0.18,overcast clouds
Galiakot,IN,23.5167,74.0,19.89,41,0,5.43,clear sky
Zonguldak,TR,41.25,31.8333,7.59,95,88,1.92,overcast clouds
Fort Nelson,CA,58.8053,-122.7002,-25.0,70,90,0.51,light snow
Portobelo,PA,9.55,-79.65,26.11,74,83,2.24,broken clouds
Barkly West,ZA,-28.5354,24.5215,19.0,94,0,3.6,clear sky
Tessalit,ML,20.1986,1.0114,18.7,24,39,7.03,scattered clouds
Buraydah,SA,26.326,43.975,18.0,42,40,6.69,light rain
Kununurra,AU,-15.7667,128.7333,33.0,62,75,1.54,broken clouds
Edd,ER,13.9297,41.6925,24.18,29,0,6.37,clear sky
Goderich,CA,43.7501,-81.7165,-1.0,86,100,9.26,light snow
Buin,CL,-33.7333,-70.75,22.78,68,0,4.63,clear sky
Severo-Yeniseyskiy,RU,60.3725,93.0408,-17.48,93,98,4.46,overcast clouds
Berbera,SO,10.4396,45.0143,21.48,66,0,1.25,clear sky
Ust-Kuyga,RU,70.0167,135.6,-30.47,84,34,2.97,scattered clouds
Tiarei,PF,-17.5333,-149.3333,27.78,65,10,0.89,clear sky
Manggar,ID,-2.8833,108.2667,30.11,65,80,5.72,light rain
Matay,EG,28.419,30.7792,12.29,91,0,4.32,clear sky
Bereda,ES,43.2686,-7.5406,7.22,100,68,0.45,broken clouds
Taltal,CL,-25.4,-70.4833,17.72,76,45,0.21,scattered clouds
Batsfjord,NO,70.6345,29.7185,-8.0,79,40,6.17,scattered clouds
Aborlan,PH,9.4352,118.5492,31.0,62,40,6.17,scattered clouds
Xinqing,CN,48.2333,129.5,-15.35,91,100,0.56,light snow
Visnes,NO,59.3556,5.2242,-5.0,53,12,3.6,few clouds
Sergeyevka,KZ,53.88,67.4158,1.07,99,100,3.63,overcast clouds
Imeni Poliny Osipenko,RU,52.4201,136.4853,-26.17,82,99,2.9,overcast clouds
Russkiy Aktash,RU,55.0384,52.1214,1.0,100,90,5.0,light rain
Mayumba,GA,-3.432,10.6554,26.16,84,100,2.11,light rain
Tansen,NP,27.8673,83.5467,13.8,54,95,3.39,overcast clouds
Zhuhai,CN,22.2769,113.5678,25.0,68,0,1.54,clear sky
Puri,IN,19.8,85.85,21.0,60,0,1.83,haze
Tukrah,LY,32.5341,20.5791,12.94,81,12,2.02,few clouds
Zimapan,MX,20.75,-99.35,17.64,31,0,1.58,clear sky
Saint-Francois,FR,46.4154,3.9054,7.22,93,90,1.54,mist
Karratha,AU,-20.7377,116.8463,29.94,67,26,6.98,scattered clouds
Nantucket,US,41.2835,-70.0995,-2.0,86,1,3.09,clear sky
Arica,CL,-18.475,-70.3042,20.0,77,0,2.57,clear sky
Cockburn Town,TC,21.4612,-71.1419,23.63,71,0,7.05,clear sky
Lorengau,PG,-2.0226,147.2712,25.64,84,100,3.89,overcast clouds
Cardoso,BR,-20.0819,-49.9142,23.41,88,100,2.18,light rain
